{
  "schema": "pkw.current.v1",
  "generated_at": "2026-02-28T21:17:03Z",
  "repo": "pacaud/hollowverse-studio",
  "branch": "master",
  "git_sha": "1756df4",
  "docs": {
    "preferred": "json",
    "boot_root": "/docs/boot/",
    "boot_json": "/docs/boot/BOOT.json",
    "current_json": "/docs/boot/CURRENT.json",
    "core_root": "/docs/core/",
    "chat_center_root": "/docs/chat_center/",
    "hollowverse_root": "/docs/hollowverse/",
    "devices_root": "/docs/devices/",
    "assets_root": "/assets/"
  }
}
